[{"model": "admin.logentry", "pk": 1, "fields": {"action_time": "2021-11-21T20:09:33.028Z", "user": 1, "content_type": 6, "object_id": "1", "object_repr": "nerdsmith", "action_flag": 2, "change_message": "[{\"changed\": {\"fields\": [\"First name\", \"Last name\", \"Profile pic\", \"Sex\"]}}]"}}, {"model": "admin.logentry", "pk": 2, "fields": {"action_time": "2021-11-21T20:19:50.869Z", "user": 1, "content_type": 8, "object_id": "1", "object_repr": "Wallpaper", "action_flag": 1, "change_message": "[{\"added\": {}}]"}}, {"model": "admin.logentry", "pk": 3, "fields": {"action_time": "2021-11-21T20:21:52.262Z", "user": 1, "content_type": 7, "object_id": "1", "object_repr": "photos", "action_flag": 1, "change_message": "[{\"added\": {}}, {\"added\": {\"name\": \"single photo\", \"object\": \"pictures/photos/EnHIzcgVcAMZzuF.jpg\"}}]"}}, {"model": "admin.logentry", "pk": 4, "fields": {"action_time": "2021-11-21T20:22:56.812Z", "user": 1, "content_type": 7, "object_id": "1", "object_repr": "photos", "action_flag": 2, "change_message": "[]"}}, {"model": "admin.logentry", "pk": 5, "fields": {"action_time": "2021-11-21T20:23:45.879Z", "user": 1, "content_type": 9, "object_id": "1", "object_repr": "collection1", "action_flag": 1, "change_message": "[{\"added\": {}}]"}}, {"model": "admin.logentry", "pk": 6, "fields": {"action_time": "2021-11-21T20:23:53.260Z", "user": 1, "content_type": 7, "object_id": "1", "object_repr": "photos", "action_flag": 2, "change_message": "[{\"changed\": {\"fields\": [\"Collection\"]}}]"}}, {"model": "admin.logentry", "pk": 7, "fields": {"action_time": "2021-11-22T16:20:25.256Z", "user": 1, "content_type": 6, "object_id": "5", "object_repr": "nerdsmith_new2", "action_flag": 2, "change_message": "[{\"changed\": {\"fields\": [\"Active\"]}}]"}}, {"model": "admin.logentry", "pk": 8, "fields": {"action_time": "2021-11-24T14:53:35.300Z", "user": 1, "content_type": 8, "object_id": "2", "object_repr": "amogus", "action_flag": 1, "change_message": "[{\"added\": {}}]"}}, {"model": "admin.logentry", "pk": 9, "fields": {"action_time": "2021-11-24T14:56:56.448Z", "user": 1, "content_type": 7, "object_id": "2", "object_repr": "amogus", "action_flag": 1, "change_message": "[{\"added\": {}}, {\"added\": {\"name\": \"single photo\", \"object\": \"pictures/photos/1525003588__36rF7UN.gif\"}}]"}}, {"model": "admin.logentry", "pk": 10, "fields": {"action_time": "2021-11-24T15:12:21.754Z", "user": 1, "content_type": 6, "object_id": "6", "object_repr": "NS", "action_flag": 2, "change_message": "[{\"changed\": {\"fields\": [\"Active\"]}}]"}}, {"model": "admin.logentry", "pk": 11, "fields": {"action_time": "2021-11-24T19:33:32.011Z", "user": 1, "content_type": 6, "object_id": "1", "object_repr": "nerdsmith", "action_flag": 2, "change_message": "[{\"changed\": {\"fields\": [\"Profile pic\"]}}]"}}, {"model": "admin.logentry", "pk": 12, "fields": {"action_time": "2021-11-25T17:14:55.693Z", "user": 1, "content_type": 7, "object_id": "3", "object_repr": "series_1", "action_flag": 3, "change_message": ""}}, {"model": "admin.logentry", "pk": 13, "fields": {"action_time": "2021-11-25T17:44:45.989Z", "user": 1, "content_type": 7, "object_id": "10", "object_repr": "series_1", "action_flag": 3, "change_message": ""}}, {"model": "admin.logentry", "pk": 14, "fields": {"action_time": "2021-11-25T17:44:46.113Z", "user": 1, "content_type": 7, "object_id": "9", "object_repr": "series_1", "action_flag": 3, "change_message": ""}}, {"model": "admin.logentry", "pk": 15, "fields": {"action_time": "2021-11-25T17:44:46.228Z", "user": 1, "content_type": 7, "object_id": "8", "object_repr": "series_1", "action_flag": 3, "change_message": ""}}, {"model": "admin.logentry", "pk": 16, "fields": {"action_time": "2021-11-25T17:44:46.338Z", "user": 1, "content_type": 7, "object_id": "7", "object_repr": "series_1", "action_flag": 3, "change_message": ""}}, {"model": "admin.logentry", "pk": 17, "fields": {"action_time": "2021-11-25T17:44:46.455Z", "user": 1, "content_type": 7, "object_id": "6", "object_repr": "series_1", "action_flag": 3, "change_message": ""}}, {"model": "admin.logentry", "pk": 18, "fields": {"action_time": "2021-11-25T17:44:46.586Z", "user": 1, "content_type": 7, "object_id": "5", "object_repr": "series_1", "action_flag": 3, "change_message": ""}}, {"model": "admin.logentry", "pk": 19, "fields": {"action_time": "2021-11-25T17:44:46.722Z", "user": 1, "content_type": 7, "object_id": "4", "object_repr": "series_1", "action_flag": 3, "change_message": ""}}, {"model": "admin.logentry", "pk": 20, "fields": {"action_time": "2021-11-25T18:03:05.755Z", "user": 1, "content_type": 7, "object_id": "1", "object_repr": "photos", "action_flag": 2, "change_message": "[{\"changed\": {\"fields\": [\"Tag\"]}}]"}}, {"model": "admin.logentry", "pk": 21, "fields": {"action_time": "2021-11-25T18:40:51.531Z", "user": 1, "content_type": 7, "object_id": "1", "object_repr": "photos", "action_flag": 2, "change_message": "[{\"added\": {\"name\": \"single photo\", \"object\": \"pictures/photos/ANi0UNLfDdo.jpg\"}}]"}}, {"model": "admin.logentry", "pk": 22, "fields": {"action_time": "2021-11-25T18:57:25.721Z", "user": 1, "content_type": 8, "object_id": "3", "object_repr": "dogs", "action_flag": 1, "change_message": "[{\"added\": {}}]"}}, {"model": "admin.logentry", "pk": 23, "fields": {"action_time": "2021-11-25T20:18:05.768Z", "user": 1, "content_type": 9, "object_id": "2", "object_repr": "secret", "action_flag": 1, "change_message": "[{\"added\": {}}]"}}, {"model": "admin.logentry", "pk": 24, "fields": {"action_time": "2021-11-25T20:18:59.166Z", "user": 1, "content_type": 7, "object_id": "11", "object_repr": "secret_s", "action_flag": 1, "change_message": "[{\"added\": {}}, {\"added\": {\"name\": \"single photo\", \"object\": \"pictures/photos/chainsaw-man-Manga-Anime-makima-chainsaw-man-6426867.jpeg\"}}, {\"added\": {\"name\": \"single photo\", \"object\": \"pictures/photos/1634488873.jpg\"}}]"}}, {"model": "admin.logentry", "pk": 25, "fields": {"action_time": "2021-11-25T20:21:21.787Z", "user": 1, "content_type": 7, "object_id": "12", "object_repr": "asd1", "action_flag": 1, "change_message": "[{\"added\": {}}, {\"added\": {\"name\": \"single photo\", \"object\": \"pictures/photos/2FQrN3-bB74.jpg\"}}]"}}, {"model": "admin.logentry", "pk": 26, "fields": {"action_time": "2021-11-26T17:12:04.432Z", "user": 1, "content_type": 9, "object_id": "1", "object_repr": "collection1", "action_flag": 3, "change_message": ""}}, {"model": "admin.logentry", "pk": 27, "fields": {"action_time": "2021-11-26T17:14:45.534Z", "user": 1, "content_type": 7, "object_id": "13", "object_repr": "new ph", "action_flag": 1, "change_message": "[{\"added\": {}}, {\"added\": {\"name\": \"single photo\", \"object\": \"pictures/photos/makima-chainsaw-man-Anime-chainsaw-man-Manga-6361682.jpeg\"}}]"}}, {"model": "admin.logentry", "pk": 28, "fields": {"action_time": "2021-11-26T17:15:15.478Z", "user": 1, "content_type": 9, "object_id": "3", "object_repr": "collection1", "action_flag": 1, "change_message": "[{\"added\": {}}]"}}, {"model": "admin.logentry", "pk": 29, "fields": {"action_time": "2021-11-26T17:15:32.252Z", "user": 1, "content_type": 7, "object_id": "13", "object_repr": "new ph", "action_flag": 2, "change_message": "[{\"changed\": {\"fields\": [\"Collection\"]}}]"}}, {"model": "admin.logentry", "pk": 30, "fields": {"action_time": "2021-11-26T18:17:45.360Z", "user": 1, "content_type": 7, "object_id": "1", "object_repr": "photos", "action_flag": 2, "change_message": "[{\"changed\": {\"fields\": [\"Collection\"]}}]"}}, {"model": "admin.logentry", "pk": 31, "fields": {"action_time": "2021-11-26T22:43:17.017Z", "user": 1, "content_type": 7, "object_id": "15", "object_repr": "series_1", "action_flag": 3, "change_message": ""}}, {"model": "admin.logentry", "pk": 32, "fields": {"action_time": "2021-11-26T22:43:17.134Z", "user": 1, "content_type": 7, "object_id": "14", "object_repr": "series_1", "action_flag": 3, "change_message": ""}}, {"model": "admin.logentry", "pk": 33, "fields": {"action_time": "2021-11-26T22:43:30.745Z", "user": 1, "content_type": 7, "object_id": "16", "object_repr": "series_1", "action_flag": 3, "change_message": ""}}, {"model": "admin.logentry", "pk": 34, "fields": {"action_time": "2021-11-26T22:47:51.159Z", "user": 1, "content_type": 7, "object_id": "19", "object_repr": "series_1", "action_flag": 3, "change_message": ""}}, {"model": "admin.logentry", "pk": 35, "fields": {"action_time": "2021-11-26T22:47:51.284Z", "user": 1, "content_type": 7, "object_id": "18", "object_repr": "series_1", "action_flag": 3, "change_message": ""}}, {"model": "admin.logentry", "pk": 36, "fields": {"action_time": "2021-11-26T22:47:51.407Z", "user": 1, "content_type": 7, "object_id": "17", "object_repr": "series_1", "action_flag": 3, "change_message": ""}}, {"model": "admin.logentry", "pk": 37, "fields": {"action_time": "2021-11-26T22:59:51.423Z", "user": 1, "content_type": 7, "object_id": "20", "object_repr": "series_1", "action_flag": 3, "change_message": ""}}, {"model": "admin.logentry", "pk": 38, "fields": {"action_time": "2021-11-26T23:07:41.539Z", "user": 1, "content_type": 9, "object_id": "2", "object_repr": "secret", "action_flag": 2, "change_message": "[{\"added\": {\"name\": \"photoseries-collection relationship\", \"object\": \"PhotoSeries_collection object (2)\"}}]"}}, {"model": "admin.logentry", "pk": 39, "fields": {"action_time": "2021-11-26T23:09:35.173Z", "user": 1, "content_type": 7, "object_id": "22", "object_repr": "series_1", "action_flag": 3, "change_message": ""}}, {"model": "admin.logentry", "pk": 40, "fields": {"action_time": "2021-11-26T23:09:35.306Z", "user": 1, "content_type": 7, "object_id": "21", "object_repr": "series_1", "action_flag": 3, "change_message": ""}}, {"model": "admin.logentry", "pk": 41, "fields": {"action_time": "2021-11-27T15:31:14.986Z", "user": 1, "content_type": 7, "object_id": "24", "object_repr": "series_1", "action_flag": 3, "change_message": ""}}, {"model": "admin.logentry", "pk": 42, "fields": {"action_time": "2021-11-27T15:31:15.097Z", "user": 1, "content_type": 7, "object_id": "23", "object_repr": "series_1", "action_flag": 3, "change_message": ""}}, {"model": "admin.logentry", "pk": 43, "fields": {"action_time": "2021-11-27T16:10:00.462Z", "user": 1, "content_type": 7, "object_id": "1", "object_repr": "photos", "action_flag": 2, "change_message": "[{\"changed\": {\"fields\": [\"Collection\"]}}]"}}, {"model": "admin.logentry", "pk": 44, "fields": {"action_time": "2021-11-27T16:10:14.381Z", "user": 1, "content_type": 7, "object_id": "2", "object_repr": "amogus", "action_flag": 2, "change_message": "[{\"changed\": {\"fields\": [\"Collection\"]}}]"}}, {"model": "admin.logentry", "pk": 45, "fields": {"action_time": "2021-11-27T17:31:16.405Z", "user": 1, "content_type": 9, "object_id": "5", "object_repr": "nerdsmith's collection", "action_flag": 1, "change_message": "[{\"added\": {}}, {\"added\": {\"name\": \"photoseries-collection relationship\", \"object\": \"PhotoSeries_collection object (9)\"}}, {\"added\": {\"name\": \"photoseries-collection relationship\", \"object\": \"PhotoSeries_collection object (10)\"}}]"}}, {"model": "admin.logentry", "pk": 46, "fields": {"action_time": "2021-11-28T20:18:10.852Z", "user": 1, "content_type": 6, "object_id": "1", "object_repr": "nerdsmith", "action_flag": 2, "change_message": "[{\"changed\": {\"fields\": [\"Active\"]}}]"}}, {"model": "admin.logentry", "pk": 47, "fields": {"action_time": "2021-11-28T20:19:17.930Z", "user": 1, "content_type": 6, "object_id": "7", "object_repr": "new_user3", "action_flag": 2, "change_message": "[{\"changed\": {\"fields\": [\"Active\"]}}]"}}, {"model": "admin.logentry", "pk": 48, "fields": {"action_time": "2021-11-28T20:49:30.633Z", "user": 1, "content_type": 6, "object_id": "7", "object_repr": "new_user3", "action_flag": 2, "change_message": "[{\"changed\": {\"fields\": [\"Active\"]}}]"}}, {"model": "admin.logentry", "pk": 49, "fields": {"action_time": "2021-12-01T21:00:44.027Z", "user": 1, "content_type": 7, "object_id": "38", "object_repr": "testetst", "action_flag": 3, "change_message": ""}}, {"model": "admin.logentry", "pk": 50, "fields": {"action_time": "2021-12-01T21:00:44.145Z", "user": 1, "content_type": 7, "object_id": "37", "object_repr": "asdf", "action_flag": 3, "change_message": ""}}, {"model": "admin.logentry", "pk": 51, "fields": {"action_time": "2021-12-01T21:00:44.245Z", "user": 1, "content_type": 7, "object_id": "36", "object_repr": "asfdafadsf", "action_flag": 3, "change_message": ""}}, {"model": "admin.logentry", "pk": 52, "fields": {"action_time": "2021-12-01T21:00:44.353Z", "user": 1, "content_type": 7, "object_id": "35", "object_repr": "sdfsdaf", "action_flag": 3, "change_message": ""}}, {"model": "admin.logentry", "pk": 53, "fields": {"action_time": "2021-12-01T21:00:44.459Z", "user": 1, "content_type": 7, "object_id": "34", "object_repr": "sd", "action_flag": 3, "change_message": ""}}, {"model": "admin.logentry", "pk": 54, "fields": {"action_time": "2021-12-01T21:00:44.570Z", "user": 1, "content_type": 7, "object_id": "33", "object_repr": "fdsgsdfg", "action_flag": 3, "change_message": ""}}, {"model": "admin.logentry", "pk": 55, "fields": {"action_time": "2021-12-01T21:00:44.711Z", "user": 1, "content_type": 7, "object_id": "32", "object_repr": "sgdhdfgh", "action_flag": 3, "change_message": ""}}, {"model": "admin.logentry", "pk": 56, "fields": {"action_time": "2021-12-01T21:00:44.837Z", "user": 1, "content_type": 7, "object_id": "31", "object_repr": "ponyat", "action_flag": 3, "change_message": ""}}, {"model": "admin.logentry", "pk": 57, "fields": {"action_time": "2021-12-01T21:00:44.929Z", "user": 1, "content_type": 7, "object_id": "30", "object_repr": "fsadghdsgfdsgfdsg", "action_flag": 3, "change_message": ""}}, {"model": "admin.logentry", "pk": 58, "fields": {"action_time": "2021-12-01T21:05:12.871Z", "user": 1, "content_type": 7, "object_id": "39", "object_repr": "asdasdasdasdasdasda", "action_flag": 1, "change_message": "[{\"added\": {}}, {\"added\": {\"name\": \"single photo\", \"object\": \"pictures/photos/monyapng\"}}]"}}, {"model": "admin.logentry", "pk": 59, "fields": {"action_time": "2021-12-01T21:07:21.407Z", "user": 1, "content_type": 7, "object_id": "39", "object_repr": "asdasdasdasdasdasda", "action_flag": 3, "change_message": ""}}, {"model": "admin.logentry", "pk": 60, "fields": {"action_time": "2021-12-01T21:31:44.863Z", "user": 1, "content_type": 7, "object_id": "40", "object_repr": "asfasdasdasdasdasd", "action_flag": 1, "change_message": "[{\"added\": {}}, {\"added\": {\"name\": \"single photo\", \"object\": \"pictures/photos/monyajpg\"}}]"}}, {"model": "admin.logentry", "pk": 61, "fields": {"action_time": "2021-12-01T21:41:54.073Z", "user": 1, "content_type": 7, "object_id": "41", "object_repr": "asdasdasdasdasd", "action_flag": 1, "change_message": "[{\"added\": {}}, {\"added\": {\"name\": \"single photo\", \"object\": \"pictures/photos/monikacupjpg\"}}]"}}, {"model": "admin.logentry", "pk": 62, "fields": {"action_time": "2021-12-01T22:06:37.316Z", "user": 1, "content_type": 7, "object_id": "41", "object_repr": "asdasdasdasdasd", "action_flag": 2, "change_message": "[{\"deleted\": {\"name\": \"single photo\", \"object\": \"pictures/photos/monikacupjpg\"}}]"}}, {"model": "admin.logentry", "pk": 63, "fields": {"action_time": "2021-12-01T22:06:54.507Z", "user": 1, "content_type": 7, "object_id": "41", "object_repr": "asdasdasdasdasd", "action_flag": 2, "change_message": "[{\"added\": {\"name\": \"single photo\", \"object\": \"pictures/photos/monya.jpg\"}}]"}}, {"model": "admin.logentry", "pk": 64, "fields": {"action_time": "2021-12-01T22:07:23.252Z", "user": 1, "content_type": 7, "object_id": "40", "object_repr": "asfasdasdasdasdasd", "action_flag": 3, "change_message": ""}}, {"model": "admin.logentry", "pk": 65, "fields": {"action_time": "2021-12-01T22:07:42.925Z", "user": 1, "content_type": 7, "object_id": "41", "object_repr": "asdasdasdasdasd", "action_flag": 2, "change_message": "[{\"added\": {\"name\": \"single photo\", \"object\": \"pictures/photos/monya_KZoF4lZ.jpg\"}}]"}}, {"model": "admin.logentry", "pk": 66, "fields": {"action_time": "2021-12-02T22:10:29.221Z", "user": 1, "content_type": 7, "object_id": "44", "object_repr": "dfthdfhhfdghdfghdfgh", "action_flag": 3, "change_message": ""}}, {"model": "admin.logentry", "pk": 67, "fields": {"action_time": "2021-12-04T07:22:40.479Z", "user": 1, "content_type": 6, "object_id": "9", "object_repr": "r_new", "action_flag": 3, "change_message": ""}}, {"model": "admin.logentry", "pk": 68, "fields": {"action_time": "2021-12-04T08:46:29.375Z", "user": 1, "content_type": 6, "object_id": "10", "object_repr": "newnewnewn", "action_flag": 1, "change_message": "[{\"added\": {}}]"}}, {"model": "admin.logentry", "pk": 69, "fields": {"action_time": "2021-12-09T10:13:09.786Z", "user": 1, "content_type": 6, "object_id": "11", "object_repr": "askldbnasj", "action_flag": 1, "change_message": "[{\"added\": {}}]"}}, {"model": "admin.logentry", "pk": 70, "fields": {"action_time": "2021-12-09T10:13:33.707Z", "user": 1, "content_type": 6, "object_id": "11", "object_repr": "askldbnasj", "action_flag": 3, "change_message": ""}}, {"model": "auth.permission", "pk": 1, "fields": {"name": "Can add log entry", "content_type": 1, "codename": "add_logentry"}}, {"model": "auth.permission", "pk": 2, "fields": {"name": "Can change log entry", "content_type": 1, "codename": "change_logentry"}}, {"model": "auth.permission", "pk": 3, "fields": {"name": "Can delete log entry", "content_type": 1, "codename": "delete_logentry"}}, {"model": "auth.permission", "pk": 4, "fields": {"name": "Can view log entry", "content_type": 1, "codename": "view_logentry"}}, {"model": "auth.permission", "pk": 5, "fields": {"name": "Can add permission", "content_type": 2, "codename": "add_permission"}}, {"model": "auth.permission", "pk": 6, "fields": {"name": "Can change permission", "content_type": 2, "codename": "change_permission"}}, {"model": "auth.permission", "pk": 7, "fields": {"name": "Can delete permission", "content_type": 2, "codename": "delete_permission"}}, {"model": "auth.permission", "pk": 8, "fields": {"name": "Can view permission", "content_type": 2, "codename": "view_permission"}}, {"model": "auth.permission", "pk": 9, "fields": {"name": "Can add group", "content_type": 3, "codename": "add_group"}}, {"model": "auth.permission", "pk": 10, "fields": {"name": "Can change group", "content_type": 3, "codename": "change_group"}}, {"model": "auth.permission", "pk": 11, "fields": {"name": "Can delete group", "content_type": 3, "codename": "delete_group"}}, {"model": "auth.permission", "pk": 12, "fields": {"name": "Can view group", "content_type": 3, "codename": "view_group"}}, {"model": "auth.permission", "pk": 13, "fields": {"name": "Can add content type", "content_type": 4, "codename": "add_contenttype"}}, {"model": "auth.permission", "pk": 14, "fields": {"name": "Can change content type", "content_type": 4, "codename": "change_contenttype"}}, {"model": "auth.permission", "pk": 15, "fields": {"name": "Can delete content type", "content_type": 4, "codename": "delete_contenttype"}}, {"model": "auth.permission", "pk": 16, "fields": {"name": "Can view content type", "content_type": 4, "codename": "view_contenttype"}}, {"model": "auth.permission", "pk": 17, "fields": {"name": "Can add session", "content_type": 5, "codename": "add_session"}}, {"model": "auth.permission", "pk": 18, "fields": {"name": "Can change session", "content_type": 5, "codename": "change_session"}}, {"model": "auth.permission", "pk": 19, "fields": {"name": "Can delete session", "content_type": 5, "codename": "delete_session"}}, {"model": "auth.permission", "pk": 20, "fields": {"name": "Can view session", "content_type": 5, "codename": "view_session"}}, {"model": "auth.permission", "pk": 21, "fields": {"name": "Can add user", "content_type": 6, "codename": "add_user"}}, {"model": "auth.permission", "pk": 22, "fields": {"name": "Can change user", "content_type": 6, "codename": "change_user"}}, {"model": "auth.permission", "pk": 23, "fields": {"name": "Can delete user", "content_type": 6, "codename": "delete_user"}}, {"model": "auth.permission", "pk": 24, "fields": {"name": "Can view user", "content_type": 6, "codename": "view_user"}}, {"model": "auth.permission", "pk": 25, "fields": {"name": "Can add photo series", "content_type": 7, "codename": "add_photoseries"}}, {"model": "auth.permission", "pk": 26, "fields": {"name": "Can change photo series", "content_type": 7, "codename": "change_photoseries"}}, {"model": "auth.permission", "pk": 27, "fields": {"name": "Can delete photo series", "content_type": 7, "codename": "delete_photoseries"}}, {"model": "auth.permission", "pk": 28, "fields": {"name": "Can view photo series", "content_type": 7, "codename": "view_photoseries"}}, {"model": "auth.permission", "pk": 29, "fields": {"name": "Can add tag", "content_type": 8, "codename": "add_tag"}}, {"model": "auth.permission", "pk": 30, "fields": {"name": "Can change tag", "content_type": 8, "codename": "change_tag"}}, {"model": "auth.permission", "pk": 31, "fields": {"name": "Can delete tag", "content_type": 8, "codename": "delete_tag"}}, {"model": "auth.permission", "pk": 32, "fields": {"name": "Can view tag", "content_type": 8, "codename": "view_tag"}}, {"model": "auth.permission", "pk": 33, "fields": {"name": "Can add collection", "content_type": 9, "codename": "add_collection"}}, {"model": "auth.permission", "pk": 34, "fields": {"name": "Can change collection", "content_type": 9, "codename": "change_collection"}}, {"model": "auth.permission", "pk": 35, "fields": {"name": "Can delete collection", "content_type": 9, "codename": "delete_collection"}}, {"model": "auth.permission", "pk": 36, "fields": {"name": "Can view collection", "content_type": 9, "codename": "view_collection"}}, {"model": "auth.permission", "pk": 37, "fields": {"name": "Can add single photo", "content_type": 10, "codename": "add_singlephoto"}}, {"model": "auth.permission", "pk": 38, "fields": {"name": "Can change single photo", "content_type": 10, "codename": "change_singlephoto"}}, {"model": "auth.permission", "pk": 39, "fields": {"name": "Can delete single photo", "content_type": 10, "codename": "delete_singlephoto"}}, {"model": "auth.permission", "pk": 40, "fields": {"name": "Can view single photo", "content_type": 10, "codename": "view_singlephoto"}}, {"model": "contenttypes.contenttype", "pk": 1, "fields": {"app_label": "admin", "model": "logentry"}}, {"model": "contenttypes.contenttype", "pk": 2, "fields": {"app_label": "auth", "model": "permission"}}, {"model": "contenttypes.contenttype", "pk": 3, "fields": {"app_label": "auth", "model": "group"}}, {"model": "contenttypes.contenttype", "pk": 4, "fields": {"app_label": "contenttypes", "model": "contenttype"}}, {"model": "contenttypes.contenttype", "pk": 5, "fields": {"app_label": "sessions", "model": "session"}}, {"model": "contenttypes.contenttype", "pk": 6, "fields": {"app_label": "api", "model": "user"}}, {"model": "contenttypes.contenttype", "pk": 7, "fields": {"app_label": "api", "model": "photoseries"}}, {"model": "contenttypes.contenttype", "pk": 8, "fields": {"app_label": "api", "model": "tag"}}, {"model": "contenttypes.contenttype", "pk": 9, "fields": {"app_label": "api", "model": "collection"}}, {"model": "contenttypes.contenttype", "pk": 10, "fields": {"app_label": "api", "model": "singlephoto"}}, {"model": "sessions.session", "pk": "06lmz4qtp51787d85iq3ldne481mydfa", "fields": {"session_data": ".eJxVjDsOwjAQRO_iGlnyL15T0nMGa9dr4wBypDipEHcHSymgmWLem3mJiPtW497zGmcWZ6HE6bcjTI_cBuA7ttsi09K2dSY5FHnQLq8L5-flcP8OKvY61posThaSQQg2TEWBV0Z7TvDN7HTRjBqIAgVP7EMBVNY7S06RySjeH9QzN7Q:1muymH:3Fs4tftxr7cOOCFyGZZ8uYsjfCjsh9lUQpYhYA1J9jQ", "expire_date": "2021-12-22T15:22:41.787Z"}}, {"model": "sessions.session", "pk": "a43lz1421ity7w7desvaoxwxfq0kkk5c", "fields": {"session_data": ".eJxVjDsOwjAQRO_iGlnyL15T0nMGa9dr4wBypDipEHcHSymgmWLem3mJiPtW497zGmcWZ6HE6bcjTI_cBuA7ttsi09K2dSY5FHnQLq8L5-flcP8OKvY61posThaSQQg2TEWBV0Z7TvDN7HTRjBqIAgVP7EMBVNY7S06RySjeH9QzN7Q:1ms89e:ixYEAY6o2Gf88Gbo7KY9tJ6boYCbF3urA0H3mkcdYt0", "expire_date": "2021-12-14T18:47:02.175Z"}}, {"model": "sessions.session", "pk": "glx5kmm9qu3qgo59owcnqx2wo5v7ckpu", "fields": {"session_data": ".eJxVjMEOwiAQRP-FsyFFwAWP3vsNZNndStXQpLQn47_bJj3obTLvzbxVwnUpaW0yp5HVVRl1-u0y0lPqDviB9T5pmuoyj1nvij5o0_3E8rod7t9BwVa2tVgJ6E0chBHpMlD0Rs6OyGzZRkPUBRLOEZgCkQXsAJwF54Ctl6A-Xxt5ONI:1mv5P9:jnZXB5df45IVh9AZggPOWtCRXZaebP05AqgDbvxgAlY", "expire_date": "2021-12-22T22:27:15.336Z"}}, {"model": "sessions.session", "pk": "jl66gkdpo1ybjky9sja8dk585l0ljdsh", "fields": {"session_data": ".eJxVjDsOwjAQRO_iGlnyL15T0nMGa9dr4wBypDipEHcHSymgmWLem3mJiPtW497zGmcWZ6HE6bcjTI_cBuA7ttsi09K2dSY5FHnQLq8L5-flcP8OKvY61posThaSQQg2TEWBV0Z7TvDN7HTRjBqIAgVP7EMBVNY7S06RySjeH9QzN7Q:1msBfM:UEVsqDe1Ro_6sTLXKbi5Jjq5pkxnPcRwJGX1J2QSZ8Q", "expire_date": "2021-12-14T22:32:00.334Z"}}, {"model": "sessions.session", "pk": "rw8xx67dsltzsad4vual3xfmiy6fysla", "fields": {"session_data": ".eJxVjDsOwjAQRO_iGlnyL15T0nMGa9dr4wBypDipEHcHSymgmWLem3mJiPtW497zGmcWZ6HE6bcjTI_cBuA7ttsi09K2dSY5FHnQLq8L5-flcP8OKvY61posThaSQQg2TEWBV0Z7TvDN7HTRjBqIAgVP7EMBVNY7S06RySjeH9QzN7Q:1mrQdN:R4r26rBLHlhqH0aiWzsE50FpiWEetRR174tirFsBpO4", "expire_date": "2021-12-12T20:18:49.616Z"}}, {"model": "api.tag", "pk": 1, "fields": {"tag": "Wallpaper"}}, {"model": "api.tag", "pk": 2, "fields": {"tag": "amogus"}}, {"model": "api.tag", "pk": 3, "fields": {"tag": "dogs"}}, {"model": "api.singlephoto", "pk": 1, "fields": {"photo": "pictures/photos/EnHIzcgVcAMZzuF.jpg", "owner": 1, "series": 1, "order": 0}}, {"model": "api.singlephoto", "pk": 2, "fields": {"photo": "pictures/photos/1525003588__36rF7UN.gif", "owner": 1, "series": 2, "order": 0}}, {"model": "api.singlephoto", "pk": 3, "fields": {"photo": "pictures/photos/ANi0UNLfDdo.jpg", "owner": 1, "series": 1, "order": 1}}, {"model": "api.singlephoto", "pk": 4, "fields": {"photo": "pictures/photos/chainsaw-man-Manga-Anime-makima-chainsaw-man-6426867.jpeg", "owner": 1, "series": 11, "order": 0}}, {"model": "api.singlephoto", "pk": 5, "fields": {"photo": "pictures/photos/1634488873.jpg", "owner": 1, "series": 11, "order": 1}}, {"model": "api.singlephoto", "pk": 7, "fields": {"photo": "pictures/photos/makima-chainsaw-man-Anime-chainsaw-man-Manga-6361682.jpeg", "owner": 1, "series": 13, "order": 0}}, {"model": "api.singlephoto", "pk": 12, "fields": {"photo": "pictures/photos/aeDOAdW_700b_photos_v2_x2.jpg", "owner": 7, "series": 25, "order": 0}}, {"model": "api.singlephoto", "pk": 13, "fields": {"photo": "pictures/photos/b2bbe4a10e1a91695e0d24d608c12f71.jpg", "owner": 7, "series": 25, "order": 1}}, {"model": "api.singlephoto", "pk": 14, "fields": {"photo": "pictures/photos/aeDOAdW_700b_photos_v2_x2_ACVDhhY.jpg", "owner": 7, "series": 26, "order": 0}}, {"model": "api.singlephoto", "pk": 15, "fields": {"photo": "pictures/photos/b2bbe4a10e1a91695e0d24d608c12f71_REBO5ri.jpg", "owner": 7, "series": 26, "order": 1}}, {"model": "api.singlephoto", "pk": 16, "fields": {"photo": "pictures/photos/aeDOAdW_700b_photos_v2_x2_CG7IWBW.jpg", "owner": 7, "series": 27, "order": 0}}, {"model": "api.singlephoto", "pk": 17, "fields": {"photo": "pictures/photos/b2bbe4a10e1a91695e0d24d608c12f71_fm9qed6.jpg", "owner": 7, "series": 27, "order": 1}}, {"model": "api.singlephoto", "pk": 18, "fields": {"photo": "pictures/photos/aeDOAdW_700b_photos_v2_x2_mSge0bd.jpg", "owner": 7, "series": 28, "order": 0}}, {"model": "api.singlephoto", "pk": 19, "fields": {"photo": "pictures/photos/b2bbe4a10e1a91695e0d24d608c12f71_JYUNJgu.jpg", "owner": 7, "series": 28, "order": 1}}, {"model": "api.singlephoto", "pk": 20, "fields": {"photo": "pictures/photos/aeDOAdW_700b_photos_v2_x2_cDIZ112.jpg", "owner": 7, "series": 29, "order": 0}}, {"model": "api.singlephoto", "pk": 33, "fields": {"photo": "pictures/photos/monya.jpg", "owner": 1, "series": 41, "order": 0}}, {"model": "api.singlephoto", "pk": 34, "fields": {"photo": "pictures/photos/monya_KZoF4lZ.jpg", "owner": 1, "series": 41, "order": 1}}, {"model": "api.singlephoto", "pk": 35, "fields": {"photo": "pictures/photos/ozphmkiq2i0.jpg", "owner": 1, "series": 42, "order": 0}}, {"model": "api.singlephoto", "pk": 36, "fields": {"photo": "pictures/photos/ozphmkiq2i0_uL2w3tT.jpg", "owner": 1, "series": 43, "order": 0}}, {"model": "api.singlephoto", "pk": 37, "fields": {"photo": "pictures/photos/ozphmkiq2i0_6LZKFmz.jpg", "owner": 1, "series": 45, "order": 0}}, {"model": "api.photoseries", "pk": 1, "fields": {"name": "photos", "description": "", "owner": 1, "created_at": "2021-11-21T20:20:00Z", "price": "0.00", "tag": [1, 2], "collection": []}}, {"model": "api.photoseries", "pk": 2, "fields": {"name": "amogus", "description": "", "owner": 1, "created_at": "2021-11-24T14:55:01Z", "price": "0.00", "tag": [2], "collection": [5]}}, {"model": "api.photoseries", "pk": 11, "fields": {"name": "secret_s", "description": "", "owner": 1, "created_at": "2021-11-25T20:18:13Z", "price": "0.00", "tag": [2, 3], "collection": [2]}}, {"model": "api.photoseries", "pk": 13, "fields": {"name": "new ph", "description": "", "owner": 1, "created_at": "2021-11-26T17:14:06Z", "price": "0.00", "tag": [2], "collection": [5]}}, {"model": "api.photoseries", "pk": 25, "fields": {"name": "series_1", "description": "", "owner": 7, "created_at": "2021-11-30T17:48:30.653Z", "price": null, "tag": [1, 2], "collection": []}}, {"model": "api.photoseries", "pk": 26, "fields": {"name": "series_1", "description": "", "owner": 7, "created_at": "2021-11-30T20:57:14.499Z", "price": null, "tag": [], "collection": []}}, {"model": "api.photoseries", "pk": 27, "fields": {"name": "series_1", "description": "", "owner": 7, "created_at": "2021-11-30T21:00:40.992Z", "price": null, "tag": [], "collection": []}}, {"model": "api.photoseries", "pk": 28, "fields": {"name": "series_1", "description": "", "owner": 7, "created_at": "2021-11-30T21:05:45.750Z", "price": null, "tag": [], "collection": []}}, {"model": "api.photoseries", "pk": 29, "fields": {"name": "series_1", "description": "", "owner": 7, "created_at": "2021-11-30T21:15:02.387Z", "price": null, "tag": [], "collection": []}}, {"model": "api.photoseries", "pk": 41, "fields": {"name": "asdasdasdasdasd", "description": "", "owner": 1, "created_at": "2021-12-01T21:41:38Z", "price": "0.00", "tag": [], "collection": []}}, {"model": "api.photoseries", "pk": 42, "fields": {"name": "asdsadsasdas", "description": "SDFDSFDS", "owner": 1, "created_at": "2021-12-02T18:58:51.914Z", "price": "228.00", "tag": [1], "collection": []}}, {"model": "api.photoseries", "pk": 43, "fields": {"name": "asdasdasdasd", "description": "SDFDSFDS", "owner": 1, "created_at": "2021-12-02T19:04:12.828Z", "price": "228.00", "tag": [1], "collection": []}}, {"model": "api.photoseries", "pk": 45, "fields": {"name": "newnew", "description": "asdad", "owner": 1, "created_at": "2021-12-02T22:12:20.617Z", "price": "0.00", "tag": [1], "collection": []}}, {"model": "api.collection", "pk": 2, "fields": {"cover": "pictures/covers/b2bbe4a10e1a91695e0d24d608c12f71.jpg", "name": "secret", "description": "", "is_secret": true, "owner": 1, "created_at": "2021-11-25T20:17:27Z"}}, {"model": "api.collection", "pk": 5, "fields": {"cover": "pictures/covers/EnHIzcgVcAMZzuF.jpg", "name": "nerdsmith's collection", "description": "", "is_secret": false, "owner": 1, "created_at": "2021-11-27T17:30:44Z"}}, {"model": "api.collection", "pk": 6, "fields": {"cover": "pictures/covers/monya1.gif", "name": "asdasdasdasdasdasd", "description": "dsadasdasd", "is_secret": false, "owner": 1, "created_at": "2021-12-02T16:16:33.392Z"}}, {"model": "api.user", "pk": 1, "fields": {"password": "pbkdf2_sha256$260000$vYcP7I6A548FWD4NdtFgfC$z2z4BzU3eovvrcCqoLYs6EwkWLzVr4pgiYlAD1gEMNw=", "last_login": "2021-12-08T22:27:15.260Z", "is_superuser": true, "username": "nerdsmith", "first_name": "Nikita", "last_name": "Merzlyakov", "email": "merzlyakov02@gmail.com", "is_staff": true, "is_active": true, "date_joined": "2021-11-21T19:44:28Z", "profile_pic": "pictures/avatars/makima-chainsaw-man-Anime-chainsaw-man-Manga-6361682.jpeg", "check_mark": false, "description": "krepkaya v russia", "location": "", "instagram_url": "", "vk_url": "", "sex": "m", "groups": [], "user_permissions": [], "subscribers": []}}, {"model": "api.user", "pk": 2, "fields": {"password": "pbkdf2_sha256$260000$osuHmqoslzY0AX9KmkyOiL$e0PJLaKY6cmyeC57o+CkvYi632kO/JQ+rOxh4TiLDak=", "last_login": null, "is_superuser": false, "username": "testuser2", "first_name": "", "last_name": "", "email": "ns@gmail.com", "is_staff": false, "is_active": false, "date_joined": "2021-11-22T13:49:04.269Z", "profile_pic": "", "check_mark": false, "description": "", "location": "", "instagram_url": "", "vk_url": "", "sex": "o", "groups": [], "user_permissions": [], "subscribers": []}}, {"model": "api.user", "pk": 3, "fields": {"password": "pbkdf2_sha256$260000$3Pn2jiaYSaWZLkuPzwPksV$xBd+aXwo4cumyugMNnjukoKO00sosw6m2ZWVf71bJHc=", "last_login": null, "is_superuser": false, "username": "nerdsmith2", "first_name": "", "last_name": "", "email": "test@test.com", "is_staff": false, "is_active": false, "date_joined": "2021-11-22T14:49:13.517Z", "profile_pic": "pictures/avatars/E8XeQdFVkAInaJN.jpg", "check_mark": false, "description": "", "location": "", "instagram_url": "", "vk_url": "", "sex": "o", "groups": [], "user_permissions": [], "subscribers": []}}, {"model": "api.user", "pk": 4, "fields": {"password": "pbkdf2_sha256$260000$ze2KTWr0Z1KucEWbUl6VM8$ygN/GAySxT7Y7e2eCuQrcVdkK4A79Ak2Je//edujlnE=", "last_login": null, "is_superuser": false, "username": "nerdsmith_new", "first_name": "Ns", "last_name": "Nsov", "email": "test2@test.com", "is_staff": false, "is_active": false, "date_joined": "2021-11-22T16:16:36.823Z", "profile_pic": "", "check_mark": false, "description": "", "location": "", "instagram_url": "", "vk_url": "", "sex": "o", "groups": [], "user_permissions": [], "subscribers": []}}, {"model": "api.user", "pk": 5, "fields": {"password": "pbkdf2_sha256$260000$wU5xY5kU6qz1YDrd4b06TA$M3YsaRL5pIJXrZeU18IfPSg66DXiHbXHrO3VWxjWm2I=", "last_login": null, "is_superuser": false, "username": "nerdsmith_new2", "first_name": "Ns", "last_name": "Nsov", "email": "test3@test.com", "is_staff": false, "is_active": true, "date_joined": "2021-11-22T16:17:21Z", "profile_pic": "pictures/avatars/aeDOAdW_700b_photos_v2_x2.jpg", "check_mark": false, "description": "", "location": "", "instagram_url": "", "vk_url": "", "sex": "o", "groups": [], "user_permissions": [], "subscribers": []}}, {"model": "api.user", "pk": 6, "fields": {"password": "pbkdf2_sha256$260000$QVgirfu67xCpba5hL7MmJ6$rROzzCngGTbN6B3HUW2B8+rAsfV1X8IPRPYi+ZCp91E=", "last_login": null, "is_superuser": false, "username": "NS", "first_name": "N", "last_name": "S", "email": "ns_ns_ns@gmail.com", "is_staff": false, "is_active": true, "date_joined": "2021-11-24T15:10:34Z", "profile_pic": "pictures/avatars/88853971_p0.png", "check_mark": false, "description": "", "location": "", "instagram_url": "", "vk_url": "", "sex": "o", "groups": [], "user_permissions": [], "subscribers": [1]}}, {"model": "api.user", "pk": 7, "fields": {"password": "pbkdf2_sha256$260000$PHUaZRaUfhSTOMgScFphQh$Q3hVy9cKk6+jp2W3nGQ9x/JffPztxHUI86tUrJfKuIs=", "last_login": null, "is_superuser": false, "username": "new_user3", "first_name": "", "last_name": "", "email": "test323@test.com", "is_staff": false, "is_active": true, "date_joined": "2021-11-25T12:42:44Z", "profile_pic": "", "check_mark": false, "description": "", "location": "", "instagram_url": "", "vk_url": "", "sex": "o", "groups": [], "user_permissions": [], "subscribers": []}}, {"model": "api.user", "pk": 8, "fields": {"password": "pbkdf2_sha256$260000$6fN4XfKKxgWfzIJPlgWffY$huLBil+Ea0VWXhflPyBYXrFt4IqYqiSS2MZ1pkfb41U=", "last_login": null, "is_superuser": false, "username": "new_user21312", "first_name": "", "last_name": "", "email": "test3123123@test.com", "is_staff": false, "is_active": false, "date_joined": "2021-11-26T18:34:58.950Z", "profile_pic": "", "check_mark": false, "description": "", "location": "", "instagram_url": "", "vk_url": "", "sex": "o", "groups": [], "user_permissions": [], "subscribers": []}}, {"model": "api.user", "pk": 10, "fields": {"password": "1029qpwo", "last_login": null, "is_superuser": false, "username": "newnewnewn", "first_name": "asdasdasd", "last_name": "asdasdasd", "email": "ajsbdj@ggh.com", "is_staff": false, "is_active": true, "date_joined": "2021-12-04T08:46:04Z", "profile_pic": "", "check_mark": false, "description": "", "location": "", "instagram_url": "", "vk_url": "", "sex": "o", "groups": [], "user_permissions": [], "subscribers": []}}, {"model": "api.user", "pk": 12, "fields": {"password": "pbkdf2_sha256$260000$FvcDFIRDZs3FjVI6sW1Vis$VZjr6froO8pFyCGYm7TlZlr3/ynVg8X/wu0C/z6v0sA=", "last_login": null, "is_superuser": false, "username": "r_newasdasdasdas", "first_name": "", "last_name": "", "email": "nchnnrdsmthasdasdasd@gmail.com", "is_staff": false, "is_active": false, "date_joined": "2021-12-09T10:25:30.581Z", "profile_pic": "site/default.jpg", "check_mark": false, "description": "", "location": "", "instagram_url": "", "vk_url": "", "sex": "o", "groups": [], "user_permissions": [], "subscribers": []}}]